Dr. Smith 1,Bright Smile Dental 1,dr.smith1@brightsmile.example.com,(555) 555-1000,New York,Sample Data,2025-02-24T21:37:41.806232
Dr. Smith 2,Bright Smile Dental 2,dr.smith2@brightsmile.example.com,(555) 555-1001,New York,Sample Data,2025-02-24T21:37:41.806244
Dr. Smith 3,Bright Smile Dental 3,dr.smith3@brightsmile.example.com,(555) 555-1002,New York,Sample Data,2025-02-24T21:37:41.806247
Dr. Smith 4,Bright Smile Dental 4,dr.smith4@brightsmile.example.com,(555) 555-1003,New York,Sample Data,2025-02-24T21:37:41.806250
Dr. Smith 5,Bright Smile Dental 5,dr.smith5@brightsmile.example.com,(555) 555-1004,New York,Sample Data,2025-02-24T21:37:41.806253
Dr. Smith 1,Bright Smile Dental 1,dr.smith1@brightsmile.example.com,(555) 555-1000,New York,Sample Data,2025-02-24T21:38:47.755902
Dr. Smith 2,Bright Smile Dental 2,dr.smith2@brightsmile.example.com,(555) 555-1001,New York,Sample Data,2025-02-24T21:38:47.755912
Dr. Smith 3,Bright Smile Dental 3,dr.smith3@brightsmile.example.com,(555) 555-1002,New York,Sample Data,2025-02-24T21:38:47.755913
Dr. Smith 4,Bright Smile Dental 4,dr.smith4@brightsmile.example.com,(555) 555-1003,New York,Sample Data,2025-02-24T21:38:47.755915
Dr. Smith 5,Bright Smile Dental 5,dr.smith5@brightsmile.example.com,(555) 555-1004,New York,Sample Data,2025-02-24T21:38:47.755916
Dr. Smith 1,Bright Smile Dental 1,dr.smith1@brightsmile.example.com,(555) 555-1000,New York,Sample Data,2025-02-24T21:40:19.998996
Dr. Smith 2,Bright Smile Dental 2,dr.smith2@brightsmile.example.com,(555) 555-1001,New York,Sample Data,2025-02-24T21:40:19.999006
Dr. Smith 3,Bright Smile Dental 3,dr.smith3@brightsmile.example.com,(555) 555-1002,New York,Sample Data,2025-02-24T21:40:19.999009
Dr. Smith 4,Bright Smile Dental 4,dr.smith4@brightsmile.example.com,(555) 555-1003,New York,Sample Data,2025-02-24T21:40:19.999011
Dr. Smith 5,Bright Smile Dental 5,dr.smith5@brightsmile.example.com,(555) 555-1004,New York,Sample Data,2025-02-24T21:40:19.999014
Dr. Smith 1,Bright Smile Dental 1,dr.smith1@brightsmile.example.com,(555) 555-1000,New York,Sample Data,2025-02-25T00:07:54.139550
Dr. Smith 2,Bright Smile Dental 2,dr.smith2@brightsmile.example.com,(555) 555-1001,New York,Sample Data,2025-02-25T00:07:54.139562
Dr. Smith 3,Bright Smile Dental 3,dr.smith3@brightsmile.example.com,(555) 555-1002,New York,Sample Data,2025-02-25T00:07:54.139565
Dr. Smith 4,Bright Smile Dental 4,dr.smith4@brightsmile.example.com,(555) 555-1003,New York,Sample Data,2025-02-25T00:07:54.139567
Dr. Smith 5,Bright Smile Dental 5,dr.smith5@brightsmile.example.com,(555) 555-1004,New York,Sample Data,2025-02-25T00:07:54.139570
Dr. Smith 1,Bright Smile Dental 1,dr.smith1@brightsmile.example.com,(555) 555-1000,New York,Sample Data,2025-02-25T00:13:36.636965
Dr. Smith 2,Bright Smile Dental 2,dr.smith2@brightsmile.example.com,(555) 555-1001,New York,Sample Data,2025-02-25T00:13:36.636977
Dr. Smith 3,Bright Smile Dental 3,dr.smith3@brightsmile.example.com,(555) 555-1002,New York,Sample Data,2025-02-25T00:13:36.636979
Dr. Smith 4,Bright Smile Dental 4,dr.smith4@brightsmile.example.com,(555) 555-1003,New York,Sample Data,2025-02-25T00:13:36.636981
Dr. Smith 5,Bright Smile Dental 5,dr.smith5@brightsmile.example.com,(555) 555-1004,New York,Sample Data,2025-02-25T00:13:36.636984
Dr. Smith 1,Bright Smile Dental 1,dr.smith1@brightsmile.example.com,(555) 555-1000,New York,Sample Data,2025-02-25T02:48:00.144684
Dr. Smith 2,Bright Smile Dental 2,dr.smith2@brightsmile.example.com,(555) 555-1001,New York,Sample Data,2025-02-25T02:48:00.144695
Dr. Smith 3,Bright Smile Dental 3,dr.smith3@brightsmile.example.com,(555) 555-1002,New York,Sample Data,2025-02-25T02:48:00.144698
Dr. Smith 4,Bright Smile Dental 4,dr.smith4@brightsmile.example.com,(555) 555-1003,New York,Sample Data,2025-02-25T02:48:00.144701
Dr. Smith 5,Bright Smile Dental 5,dr.smith5@brightsmile.example.com,(555) 555-1004,New York,Sample Data,2025-02-25T02:48:00.144703
Dr. Smith 1,Bright Smile Dental 1,dr.smith1@brightsmile.example.com,(555) 555-1000,New York,Sample Data,2025-02-25T02:54:55.302738
Dr. Smith 2,Bright Smile Dental 2,dr.smith2@brightsmile.example.com,(555) 555-1001,New York,Sample Data,2025-02-25T02:54:55.302748
Dr. Smith 3,Bright Smile Dental 3,dr.smith3@brightsmile.example.com,(555) 555-1002,New York,Sample Data,2025-02-25T02:54:55.302750
Dr. Smith 4,Bright Smile Dental 4,dr.smith4@brightsmile.example.com,(555) 555-1003,New York,Sample Data,2025-02-25T02:54:55.302751
Dr. Smith 5,Bright Smile Dental 5,dr.smith5@brightsmile.example.com,(555) 555-1004,New York,Sample Data,2025-02-25T02:54:55.302752
Dr. Smith 1,Bright Smile Dental 1,dr.smith1@brightsmile.example.com,(555) 555-1000,New York,Sample Data,2025-02-25T03:15:27.492776
Dr. Smith 2,Bright Smile Dental 2,dr.smith2@brightsmile.example.com,(555) 555-1001,New York,Sample Data,2025-02-25T03:15:27.492787
Dr. Smith 3,Bright Smile Dental 3,dr.smith3@brightsmile.example.com,(555) 555-1002,New York,Sample Data,2025-02-25T03:15:27.492789
Dr. Smith 4,Bright Smile Dental 4,dr.smith4@brightsmile.example.com,(555) 555-1003,New York,Sample Data,2025-02-25T03:15:27.492792
Dr. Smith 5,Bright Smile Dental 5,dr.smith5@brightsmile.example.com,(555) 555-1004,New York,Sample Data,2025-02-25T03:15:27.492794
Dr. Smith 1,Bright Smile Dental 1,dr.smith1@brightsmile.example.com,(555) 555-1000,New York,Sample Data,2025-02-25T03:19:11.139804
Dr. Smith 2,Bright Smile Dental 2,dr.smith2@brightsmile.example.com,(555) 555-1001,New York,Sample Data,2025-02-25T03:19:11.139817
Dr. Smith 3,Bright Smile Dental 3,dr.smith3@brightsmile.example.com,(555) 555-1002,New York,Sample Data,2025-02-25T03:19:11.139820
Dr. Smith 4,Bright Smile Dental 4,dr.smith4@brightsmile.example.com,(555) 555-1003,New York,Sample Data,2025-02-25T03:19:11.139822
Dr. Smith 5,Bright Smile Dental 5,dr.smith5@brightsmile.example.com,(555) 555-1004,New York,Sample Data,2025-02-25T03:19:11.139824
Dr. Smith 1,Bright Smile Dental 1,dr.smith1@brightsmile.example.com,(555) 555-1000,New York,Sample Data,2025-02-25T04:05:01.391054
Dr. Smith 2,Bright Smile Dental 2,dr.smith2@brightsmile.example.com,(555) 555-1001,New York,Sample Data,2025-02-25T04:05:01.391065
Dr. Smith 3,Bright Smile Dental 3,dr.smith3@brightsmile.example.com,(555) 555-1002,New York,Sample Data,2025-02-25T04:05:01.391068
Dr. Smith 4,Bright Smile Dental 4,dr.smith4@brightsmile.example.com,(555) 555-1003,New York,Sample Data,2025-02-25T04:05:01.391071
Dr. Smith 5,Bright Smile Dental 5,dr.smith5@brightsmile.example.com,(555) 555-1004,New York,Sample Data,2025-02-25T04:05:01.391073
